Id,Label
"Ajuda-Pinto, Marquis Miguel d’","Ajuda-Pinto, Marquis Miguel d’"
"Bauvan, Comte Octave de","Bauvan, Comte Octave de"
"Beaumesnil, Mademoiselle","Beaumesnil, Mademoiselle"
"Beaupre, Fanny","Beaupre, Fanny"
"Bianchon, Horace","Bianchon, Horace"
"Bibi-Lupin (chief of secret police, called himself Gondureau)","Bibi-Lupin (chief of secret police, called himself Gondureau)"
"Bixiou, Jean-Jacques","Bixiou, Jean-Jacques"
"Blondet, Emile","Blondet, Emile"
"Bouvard, Doctor","Bouvard, Doctor"
Braschon,Braschon
"Bridau, Philippe","Bridau, Philippe"
Cachan,Cachan
Camusot de Marville,Camusot de Marville
"Camusot de Marville, Madame","Camusot de Marville, Madame"
Cerizet,Cerizet
"Chardon, Madame (nee Rubempre)","Chardon, Madame (nee Rubempre)"
"Chatelet, Sixte, Baron du","Chatelet, Sixte, Baron du"
"Chaulieu, Henri, Duc de","Chaulieu, Henri, Duc de"
"Collin, Jacqueline","Collin, Jacqueline"
"Collin, Jacques","Collin, Jacques"
Corentin,Corentin
"Crottat, Monsieur and Madame","Crottat, Monsieur and Madame"
Dauriat,Dauriat
Derville,Derville
Desplein,Desplein
Desroches (son),Desroches (son)
"Espard, Charles-Maurice-Marie-Andoche, Comte de Negrepelisse, Marquis d’","Espard, Charles-Maurice-Marie-Andoche, Comte de Negrepelisse, Marquis d’"
"Espard, Chevalier d’","Espard, Chevalier d’"
"Espard, Jeanne-Clementine-Athenais de Blamont-Chauvry, Marquise d’","Espard, Jeanne-Clementine-Athenais de Blamont-Chauvry, Marquise d’"
"Estourny, Charles d’","Estourny, Charles d’"
"Falleix, Jacques","Falleix, Jacques"
"Finot, Andoche","Finot, Andoche"
"Fouche, Joseph","Fouche, Joseph"
"Gaillard, Madame Theodore","Gaillard, Madame Theodore"
"Gaillard, Theodore","Gaillard, Theodore"
"Gaudissart, Felix","Gaudissart, Felix"
Givry,Givry
"Gobseck, Esther Van","Gobseck, Esther Van"
"Gobseck, Sarah Van","Gobseck, Sarah Van"
"Godeschal, Marie","Godeschal, Marie"
"Grandlieu, Duc Ferdinand de","Grandlieu, Duc Ferdinand de"
"Grandlieu, Duchesse Ferdinand de","Grandlieu, Duchesse Ferdinand de"
"Grandlieu, Mademoiselle de","Grandlieu, Mademoiselle de"
"Grandlieu, Vicomte Juste de","Grandlieu, Vicomte Juste de"
"Grandlieu, Vicomtesse de","Grandlieu, Vicomtesse de"
"Grandlieu, Vicomtesse Juste de","Grandlieu, Vicomtesse Juste de"
"Granville, Baron Eugene de","Granville, Baron Eugene de"
"Granville, Vicomte de","Granville, Vicomte de"
Grindot,Grindot
"Herrera, Carlos","Herrera, Carlos"
Katt,Katt
"La Peyrade, Charles-Marie-Theodose de","La Peyrade, Charles-Marie-Theodose de"
"La Peyrade, Madame de","La Peyrade, Madame de"
Lebrun,Lebrun
"Lenoncourt-Givry, Duchesse de","Lenoncourt-Givry, Duchesse de"
Louchard,Louchard
"Louis XVIII., Louis-Stanislas-Xavier","Louis XVIII., Louis-Stanislas-Xavier"
"Lousteau, Etienne","Lousteau, Etienne"
"Lupeaulx, Clement Chardin des","Lupeaulx, Clement Chardin des"
Madeleine,Madeleine
Marron,Marron
Massol,Massol
"Maufrigneuse, Duc de","Maufrigneuse, Duc de"
"Maufrigneuse, Duchesse de","Maufrigneuse, Duchesse de"
"Meynardie, Madame","Meynardie, Madame"
"Mirbel, Madame de","Mirbel, Madame de"
"Montcornet, Marechal, Comte de","Montcornet, Marechal, Comte de"
"Nathan, Madame Raoul","Nathan, Madame Raoul"
"Nathan, Raoul","Nathan, Raoul"
"Navarreins, Duc de","Navarreins, Duc de"
"Nourrisson, Madame","Nourrisson, Madame"
"Nucingen, Baron Frederic de","Nucingen, Baron Frederic de"
"Nucingen, Baronne Delphine de","Nucingen, Baronne Delphine de"
Peyrade,Peyrade
"Poiret, Madame (nee Christine-Michelle Michonneau)","Poiret, Madame (nee Christine-Michelle Michonneau)"
"Poiret, the elder","Poiret, the elder"
"Portenduere, Vicomte Savinien de","Portenduere, Vicomte Savinien de"
"Rastignac, Eugene de","Rastignac, Eugene de"
"Rhetore, Duc Alphonse de","Rhetore, Duc Alphonse de"
"Rubempre, Lucien-Chardon de","Rubempre, Lucien-Chardon de"
"Schmucke, Wilhelm","Schmucke, Wilhelm"
"Sechard, David","Sechard, David"
"Sechard, Madame David","Sechard, Madame David"
Selerier,Selerier
"Serizy, Comte Hugret de","Serizy, Comte Hugret de"
"Serizy, Comtesse de","Serizy, Comtesse de"
"Tours-Minieres, Bernard-Polydor Bryond, Baron des","Tours-Minieres, Bernard-Polydor Bryond, Baron des"
"Vernou, Felicien","Vernou, Felicien"
"Arthez, Daniel d’","Arthez, Daniel d’"
Beauvisage (tenant),Beauvisage (tenant)
"Beauvisage, Phileas","Beauvisage, Phileas"
"Blondet, Virginie","Blondet, Virginie"
"Brandon, Lady Marie Augusta","Brandon, Lady Marie Augusta"
"Bridau, Joseph","Bridau, Joseph"
"Cadine, Jenny","Cadine, Jenny"
"Camps, Madame Octave de","Camps, Madame Octave de"
"Camps, Octave de","Camps, Octave de"
"Canalis, Constant-Cyr-Melchior, Baron de","Canalis, Constant-Cyr-Melchior, Baron de"
"Carigliano, Duchesse de","Carigliano, Duchesse de"
"Chargeboeuf, Melchior-Rene, Vicomte de","Chargeboeuf, Melchior-Rene, Vicomte de"
"Chocardelle, Mademoiselle","Chocardelle, Mademoiselle"
"Cinq-Cygne, Laurence, Comtesse (afterwards Marquise de)","Cinq-Cygne, Laurence, Comtesse (afterwards Marquise de)"
"Cointet, Boniface","Cointet, Boniface"
Dionis,Dionis
"Estorade, Armand de l’","Estorade, Armand de l’"
"Estorade, Louis, Chevalier, then Vicomte and Comte de l’","Estorade, Louis, Chevalier, then Vicomte and Comte de l’"
"Estorade, Madame de l’","Estorade, Madame de l’"
"Fontanon, Abbe","Fontanon, Abbe"
"Franchessini, Colonel","Franchessini, Colonel"
"Gaston, Marie","Gaston, Marie"
"Giguet, Colonel","Giguet, Colonel"
"Gondreville, Malin, Comte de","Gondreville, Malin, Comte de"
Gothard,Gothard
"Goujet, Abbe","Goujet, Abbe"
Grevin,Grevin
"Hauteserre, D’","Hauteserre, D’"
Hortense,Hortense
"Hulot, Victorin","Hulot, Victorin"
"Keller, Francois","Keller, Francois"
"Keller, Madame Francois","Keller, Madame Francois"
"La Bastie la Briere, Madame Ernest de","La Bastie la Briere, Madame Ernest de"
"La Roche-Hugon, Martial de","La Roche-Hugon, Martial de"
"Lanty, Comte de","Lanty, Comte de"
"Lanty, Comtesse de","Lanty, Comtesse de"
"Lanty, Filippo de","Lanty, Filippo de"
"Lanty, Marianina de","Lanty, Marianina de"
"Lenoncourt-Givry, Duc de","Lenoncourt-Givry, Duc de"
"Marest, Frederic","Marest, Frederic"
Marion (brother),Marion (brother)
Marion (of Arcis),Marion (of Arcis)
Mary,Mary
"Maufrigneuse, Berthe de","Maufrigneuse, Berthe de"
"Maufrigneuse, Georges de","Maufrigneuse, Georges de"
"Michu, Francois","Michu, Francois"
"Michu, Madame Francois","Michu, Madame Francois"
"Montriveau, General Marquis Armand de","Montriveau, General Marquis Armand de"
Philippe,Philippe
"Rastignac, Laure-Rose and Agathe de","Rastignac, Laure-Rose and Agathe de"
"Restaud, Ernest de","Restaud, Ernest de"
"Restaud, Felix-Georges de","Restaud, Felix-Georges de"
"Restaud, Madame Ernest de","Restaud, Madame Ernest de"
"Ronquerolles, Marquis de","Ronquerolles, Marquis de"
"Saint-Hereen, Comtesse Moina de","Saint-Hereen, Comtesse Moina de"
"Sallenauve, Comtesse de","Sallenauve, Comtesse de"
"Sarrasine, Ernest-Jean","Sarrasine, Ernest-Jean"
Stidmann,Stidmann
Suzon,Suzon
"Tillet, Ferdinand du","Tillet, Ferdinand du"
"Trailles, Comte Maxime de","Trailles, Comte Maxime de"
"Troubert, Abbe Hyacinthe","Troubert, Abbe Hyacinthe"
Varlet,Varlet
"Vien, Joseph-Marie","Vien, Joseph-Marie"
Vinet,Vinet
"Vinet, Olivier","Vinet, Olivier"
A Bachelor’s Establishment,A Bachelor’s Establishment
Barbet,Barbet
"Beaudenord, Godefroid de","Beaudenord, Godefroid de"
Berenice,Berenice
Braulard,Braulard
"Bruel, Claudine Chaffaroux, Madame du","Bruel, Claudine Chaffaroux, Madame du"
"Bruel, Jean Francois du","Bruel, Jean Francois du"
"Cabirolle, Agathe-Florentine","Cabirolle, Agathe-Florentine"
Camusot,Camusot
"Cardot, Jean-Jerome-Severin","Cardot, Jean-Jerome-Severin"
Cavalier,Cavalier
Chaboisseau,Chaboisseau
"Chatelet, Marie-Louise-Anais de Negrepelisse, Baronne du","Chatelet, Marie-Louise-Anais de Negrepelisse, Baronne du"
"Chrestien, Michel","Chrestien, Michel"
Coloquinte,Coloquinte
"Coralie, Mademoiselle","Coralie, Mademoiselle"
"Foy, Maximilien-Sebastien","Foy, Maximilien-Sebastien"
"Galathionne, Prince and Princess (both not in each story)","Galathionne, Prince and Princess (both not in each story)"
Gentil,Gentil
"Giraud, Leon","Giraud, Leon"
Giroudeau,Giroudeau
"Lambert, Louis","Lambert, Louis"
"Listomere, Marquis de","Listomere, Marquis de"
"Listomere, Marquise de","Listomere, Marquise de"
"Manerville, Paul Francois-Joseph, Comte de","Manerville, Paul Francois-Joseph, Comte de"
"Marsay, Henri de","Marsay, Henri de"
Matifat (wealthy druggist),Matifat (wealthy druggist)
Meyraux,Meyraux
"Negrepelisse, De","Negrepelisse, De"
Palma (banker),Palma (banker)
"Pombreton, Marquis de","Pombreton, Marquis de"
"Ridal, Fulgence","Ridal, Fulgence"
Samanon,Samanon
Scenes from a Courtesan’s Life,Scenes from a Courtesan’s Life
"Touches, Mademoiselle Felicite des","Touches, Mademoiselle Felicite des"
"Vandenesse, Comte Felix de","Vandenesse, Comte Felix de"
Bidault (known as Gigonnet),Bidault (known as Gigonnet)
"Birotteau, Abbe Francois","Birotteau, Abbe Francois"
"Birotteau, Cesar","Birotteau, Cesar"
Chaffaroux,Chaffaroux
"Chiffreville, Monsieur and Madame","Chiffreville, Monsieur and Madame"
"Claparon, Charles","Claparon, Charles"
"Cochin, Adolphe","Cochin, Adolphe"
"Cochin, Emile-Louis-Lucien-Emmanuel","Cochin, Emile-Louis-Lucien-Emmanuel"
"Crevel, Celestin","Crevel, Celestin"
"Crottat, Alexandre","Crottat, Alexandre"
"Derville, Madame","Derville, Madame"
"Desmartes, Jules","Desmartes, Jules"
"Desmartes, Madame Jules","Desmartes, Madame Jules"
"Fontaine, Comte de","Fontaine, Comte de"
"Gobseck, Jean-Esther Van","Gobseck, Jean-Esther Van"
"Granville, Vicomte de (later Comte)","Granville, Vicomte de (later Comte)"
Guillaume,Guillaume
Haudry (doctor),Haudry (doctor)
"Keller, Adolphe","Keller, Adolphe"
"La Billardiere, Athanase-Jean-Francois-Michel, Baron Flamet de","La Billardiere, Athanase-Jean-Francois-Michel, Baron Flamet de"
"Lebas, Joseph","Lebas, Joseph"
"Lebas, Madame Joseph (Virginie)","Lebas, Madame Joseph (Virginie)"
"Lenoncourt, Duc de","Lenoncourt, Duc de"
"Listomere, Baronne de","Listomere, Baronne de"
"Loraux, Abbe","Loraux, Abbe"
Lourdois,Lourdois
"Matifat, Madame","Matifat, Madame"
"Matifat, Mademoiselle","Matifat, Mademoiselle"
"Molineux, Jean-Baptiste","Molineux, Jean-Baptiste"
Mongenod,Mongenod
"Montauran, Marquis Alphonse de","Montauran, Marquis Alphonse de"
"Popinot, Anselme","Popinot, Anselme"
"Popinot, Jean-Jules","Popinot, Jean-Jules"
"Popinot, Madame Anselme","Popinot, Madame Anselme"
Protez and Chiffreville,Protez and Chiffreville
"Rabourdin, Xavier","Rabourdin, Xavier"
"Ragon, M. and Mme.","Ragon, M. and Mme."
Roguin,Roguin
"Roguin, Madame","Roguin, Madame"
"Saillard, Madame","Saillard, Madame"
"Sommervieux, Madame Theodore de (Augustine)","Sommervieux, Madame Theodore de (Augustine)"
Thirion,Thirion
Thouvenin,Thouvenin
"Vaillant, Madame","Vaillant, Madame"
"Vandenesse, Marquise Charles de","Vandenesse, Marquise Charles de"
Berthier (Parisian notary),Berthier (Parisian notary)
"Brisetout, Heloise","Brisetout, Heloise"
"Colleville, Flavie Minoret, Madame","Colleville, Flavie Minoret, Madame"
"Falcon, Jean","Falcon, Jean"
"Graff, Wolfgang","Graff, Wolfgang"
"Grassou, Pierre","Grassou, Pierre"
"Hannequin, Leopold","Hannequin, Leopold"
Hulot (Marshal),Hulot (Marshal)
"La Baudraye, Madame Polydore Milaud de', """"Herouville, Duc d'"""", 'Laginski, Comte Adam Mitgislas","La Baudraye, Madame Polydore Milaud de', """"Herouville, Duc d'"""", 'Laginski, Comte Adam Mitgislas"
"La Chanterie, Baronne Henri le Chantre de","La Chanterie, Baronne Henri le Chantre de"
"La Palferine, Comte de","La Palferine, Comte de"
Lebas,Lebas
"Lefebvre, Robert","Lefebvre, Robert"
"Lora, Leon de","Lora, Leon de"
"Montauran, Marquis de (younger brother of Alphonse de)","Montauran, Marquis de (younger brother of Alphonse de)"
"Paz, Thaddee","Paz, Thaddee"
"Popinot, Vicomte","Popinot, Vicomte"
"Rivet, Achille","Rivet, Achille"
"Rochefide, Marquis Arthur de","Rochefide, Marquis Arthur de"
"Ronceret, Madame Fabien du","Ronceret, Madame Fabien du"
"Sinet, Seraphine","Sinet, Seraphine"
"Steinbock, Count Wenceslas","Steinbock, Count Wenceslas"
"Turquet, Marguerite","Turquet, Marguerite"
Vauvinet,Vauvinet
"Vernisset, Victor de","Vernisset, Victor de"
"Vernou, Felicien', """"Esgrignon, Victurnien, Comte (then Marquis d')"""", 'Chanor","Vernou, Felicien', """"Esgrignon, Victurnien, Comte (then Marquis d')"""", 'Chanor"
Chanor,Chanor
"Esgrignon, Victurnien, Comte (then Marquis d’)","Esgrignon, Victurnien, Comte (then Marquis d’)"
"Herouville, Duc d’","Herouville, Duc d’"
"La Baudraye, Madame Polydore Milaud de","La Baudraye, Madame Polydore Milaud de"
"Laginski, Comte Adam Mitgislas","Laginski, Comte Adam Mitgislas"
"Baudoyer, Isidore","Baudoyer, Isidore"
Brezacs (The),Brezacs (The)
"Chessel, Madame de","Chessel, Madame de"
Colleville,Colleville
Dutocq,Dutocq
"Falleix, Martin","Falleix, Martin"
"Ferraud, Comtesse","Ferraud, Comtesse"
Fleury,Fleury
"Gaudron, Abbe","Gaudron, Abbe"
"Godard, Joseph","Godard, Joseph"
"Granson, Athanase","Granson, Athanase"
"Gruget, Madame Etienne","Gruget, Madame Etienne"
"La Bastie la Briere, Ernest de","La Bastie la Briere, Ernest de"
Laudigeois,Laudigeois
Metivier,Metivier
"Minard, Auguste-Jean-Francois","Minard, Auguste-Jean-Francois"
"Minard, Madame","Minard, Madame"
"Minorets, The","Minorets, The"
Mitral,Mitral
Phellion,Phellion
"Rabourdin, Madame","Rabourdin, Madame"
Saillard,Saillard
"Schinner, Hippolyte","Schinner, Hippolyte"
"Sommervieux, Theodore de","Sommervieux, Theodore de"
Thuillier,Thuillier
"Thuillier, Louis-Jerome","Thuillier, Louis-Jerome"
"Bousquier, Du (or Du Croisier or Du Bourguier)","Bousquier, Du (or Du Croisier or Du Bourguier)"
Bruno,Bruno
Cardot (Parisian notary),Cardot (Parisian notary)
Couture,Couture
"Crochard, Charles","Crochard, Charles"
"Godeschal, Francois-Claude-Marie","Godeschal, Francois-Claude-Marie"
Metivier (nephew),Metivier (nephew)
"Thuillier, Marie-Jeanne-Brigitte","Thuillier, Marie-Jeanne-Brigitte"
"Brambourg, Comte de (Title of Philippe Bridau, later Joseph)","Brambourg, Comte de (Title of Philippe Bridau, later Joseph)"
"Cabirolle, Madame","Cabirolle, Madame"
"Gerard, Francois-Pascal-Simon, Baron","Gerard, Francois-Pascal-Simon, Baron"
"Magus, Elie","Magus, Elie"
"Rouget, Jean-Jacques","Rouget, Jean-Jacques"
Blondet (Judge),Blondet (Judge)
"Brossette, Abbe","Brossette, Abbe"
"Cambremer, Pierre","Cambremer, Pierre"
"Casteran, De","Casteran, De"
"Conti, Gennaro","Conti, Gennaro"
Ferdinand,Ferdinand
Gobenheim,Gobenheim
"Guenic, Gaudebert-Calyste-Charles, Baron du","Guenic, Gaudebert-Calyste-Charles, Baron du"
"Halga, Chevalier du","Halga, Chevalier du"
"Portenduere, Vicomtesse Savinien de","Portenduere, Vicomtesse Savinien de"
"Rochefide, Marquise de","Rochefide, Marquise de"
"Ronceret, Du","Ronceret, Du"
"Ronceret, Fabien-Felicien du (or Duronceret)","Ronceret, Fabien-Felicien du (or Duronceret)"
"Simeuse, Admiral de","Simeuse, Admiral de"
"Berthier, Alexandre","Berthier, Alexandre"
"Bonaparte, Lucien","Bonaparte, Lucien"
Bordin,Bordin
"Duroc, Gerard-Christophe-Michel","Duroc, Gerard-Christophe-Michel"
"Murat, Joachim, Prince","Murat, Joachim, Prince"
Rapp,Rapp
"Regnier, Claude-Antoine","Regnier, Claude-Antoine"
Steingel,Steingel
"Talleyrand-Perigord, Charles-Maurice de","Talleyrand-Perigord, Charles-Maurice de"
"Beauseant, Marquis","Beauseant, Marquis"
"Beauseant, Vicomte de","Beauseant, Vicomte de"
"Beauseant, Vicomtesse de","Beauseant, Vicomtesse de"
"Carigliano, Marechal, Duc de","Carigliano, Marechal, Duc de"
"Galathionne, Princess","Galathionne, Princess"
Jacques (M. de Beauseant’s butler),Jacques (M. de Beauseant’s butler)
"Langeais, Duchesse Antoinette de","Langeais, Duchesse Antoinette de"
Maurice (de Restaud’s valet),Maurice (de Restaud’s valet)
Poiret,Poiret
"Rastignac, Baron and Baronne de (Eugene’s parents)","Rastignac, Baron and Baronne de (Eugene’s parents)"
"Rastignac, Monseigneur Gabriel de","Rastignac, Monseigneur Gabriel de"
"Restaud, Comte de","Restaud, Comte de"
"Restaud, Comtesse Anastasie de","Restaud, Comtesse Anastasie de"
"Taillefer, Jean-Frederic","Taillefer, Jean-Frederic"
"Taillefer, Victorine","Taillefer, Victorine"
Therese,Therese
"Tissot, Pierre-Francois","Tissot, Pierre-Francois"
"Lupin, Amaury","Lupin, Amaury"
"Marest, Georges","Marest, Georges"
"Rouvre, Marquis du","Rouvre, Marquis du"
"Serizy, Vicomte de","Serizy, Vicomte de"
"Cointet, Jean","Cointet, Jean"
Courtois,Courtois
"Courtois, Madame","Courtois, Madame"
"Hautoy, Francis du","Hautoy, Francis du"
Milaud,Milaud
Petit-Claud,Petit-Claud
"Pimentel, Marquis and Marquise de","Pimentel, Marquis and Marquise de"
Postel,Postel
"Prieur, Madame","Prieur, Madame"
"Sechard, Jerome-Nicholas","Sechard, Jerome-Nicholas"
"Senonches, Jacques de","Senonches, Jacques de"
"Senonches, Madame Jacques de","Senonches, Madame Jacques de"
"Beauseant, Marquise de', """"Esgrignon, Victurnien, Comte (then Marquis d')"""", 'Mirbel, Madame de","Beauseant, Marquise de', """"Esgrignon, Victurnien, Comte (then Marquis d')"""", 'Mirbel, Madame de"
"Bruel, Claudine Chaffaroux, Madame du', """"Estorade, Louis, Chevalier, then Vicomte and Comte de l'"""", 'Gaston, Marie","Bruel, Claudine Chaffaroux, Madame du', """"Estorade, Louis, Chevalier, then Vicomte and Comte de l'"""", 'Gaston, Marie"
"Dudley, Lady Arabella","Dudley, Lady Arabella"
"Gaston, Louis","Gaston, Louis"
"Mary', """"Espard, Jeanne-Clementine-Athenais de Blamont-Chauvry, Marquise d'"""", 'Bridau, Joseph', """"Estorade, Madame de l'"""", 'Chaulieu, Eleonore, Duchesse de","Mary', """"Espard, Jeanne-Clementine-Athenais de Blamont-Chauvry, Marquise d'"""", 'Bridau, Joseph', """"Estorade, Madame de l'"""", 'Chaulieu, Eleonore, Duchesse de"
"Maucombe, Comte de","Maucombe, Comte de"
"Rhetore, Duc Alphonse de', """"Arthez, Daniel d'"""", """"Estorade, Armand de l'""","Rhetore, Duc Alphonse de', """"Arthez, Daniel d'"""", """"Estorade, Armand de l'"""
"Stael-Holstein (Anne-Louise-Germaine Necker), Baronne de","Stael-Holstein (Anne-Louise-Germaine Necker), Baronne de"
"Bargeton, Madame de (see Chatelet, Baronne du)","Bargeton, Madame de (see Chatelet, Baronne du)"
"Grozier, Abbe","Grozier, Abbe"
Letters of Two Brides,Letters of Two Brides
"Sechard, Jerome-Nicolas","Sechard, Jerome-Nicolas"
"Bousquier, Madame du (or du Croisier)","Bousquier, Madame du (or du Croisier)"
Chesnel (or Choisnel),Chesnel (or Choisnel)
"Coudrai, Du","Coudrai, Du"
"Esgrignon, Charles-Marie-Victor-Ange-Carol, Marquis d’ (or Des Grignons)","Esgrignon, Charles-Marie-Victor-Ange-Carol, Marquis d’ (or Des Grignons)"
"Esgrignon, Marie-Armande-Claire d’","Esgrignon, Marie-Armande-Claire d’"
"Leroi, Pierre","Leroi, Pierre"
"Pamiers, Vidame de","Pamiers, Vidame de"
"Ronceret, Madame du","Ronceret, Madame du"
"Scherbelloff, Princesse (or Scherbellof or Sherbelloff)","Scherbelloff, Princesse (or Scherbellof or Sherbelloff)"
"Troisville, Guibelin, Vicomte de","Troisville, Guibelin, Vicomte de"
"Valois, Chevalier de","Valois, Chevalier de"
"Aiglemont, General, Marquis Victor d’","Aiglemont, General, Marquis Victor d’"
"Grandet, Charles","Grandet, Charles"
"Grandet, Victor-Ange-Guillaume","Grandet, Victor-Ange-Guillaume"
"Toby (Joby, Paddy)","Toby (Joby, Paddy)"
"Bonaparte, Napoleon","Bonaparte, Napoleon"
"Bourlac, Bernard-Jean-Baptiste-Macloud, Baron de","Bourlac, Bernard-Jean-Baptiste-Macloud, Baron de"
"Champignelles, De","Champignelles, De"
"Cibot, Jean (alias Pille-Miche)","Cibot, Jean (alias Pille-Miche)"
Lelewel,Lelewel
"Mongenod, Frederic","Mongenod, Frederic"
"Cadignan, Prince de","Cadignan, Prince de"
"Brambourg, Comte de","Brambourg, Comte de"
"Fontaine, Madame","Fontaine, Madame"
"Berthier, Madame (Felicie Cardot)","Berthier, Madame (Felicie Cardot)"
Grosstete (younger brother of F. Grosstete),Grosstete (younger brother of F. Grosstete)
"Beaupre, Fanny  A Start in Life","Beaupre, Fanny  A Start in Life"
"Bixiou, Jean-Jacques  The Purse","Bixiou, Jean-Jacques  The Purse"
"Blondet, Emile  Jealousies of a Country Town","Blondet, Emile  Jealousies of a Country Town"
"Bridau, Joseph  The Purse","Bridau, Joseph  The Purse"
"Cadignan, Prince de  The Secrets of a Princess","Cadignan, Prince de  The Secrets of a Princess"
"Canalis, Constant-Cyr-Melchior, Baron de  Letters of Two Brides","Canalis, Constant-Cyr-Melchior, Baron de  Letters of Two Brides"
"Chatillonest, De  A Woman of Thirty","Chatillonest, De  A Woman of Thirty"
"Chaulieu, Henri, Duc de  Letters of Two Brides","Chaulieu, Henri, Duc de  Letters of Two Brides"
Dauriat  A Distinguished Provincial at Paris,Dauriat  A Distinguished Provincial at Paris
Desplein  The Atheist’s Mass,Desplein  The Atheist’s Mass
"Estourny, Charles d’  Scenes from a Courtesan’s Life","Estourny, Charles d’  Scenes from a Courtesan’s Life"
"Fontaine, Comte de  The Chouans","Fontaine, Comte de  The Chouans"
"Grandlieu, Duc Ferdinand de  The Gondreville Mystery","Grandlieu, Duc Ferdinand de  The Gondreville Mystery"
"Herouville, Duc d’  The Hated Son","Herouville, Duc d’  The Hated Son"
"La Bastie la Briere, Ernest de  The Government Clerks","La Bastie la Briere, Ernest de  The Government Clerks"
"La Bastie la Briere, Madame Ernest de (Modeste)  The Member for Arcis","La Bastie la Briere, Madame Ernest de (Modeste)  The Member for Arcis"
"Loudon, Prince de  The Chouans","Loudon, Prince de  The Chouans"
"Marsay, Henri de  The Thirteen","Marsay, Henri de  The Thirteen"
"Maufrigneuse, Duchesse de  The Secrets of a Princess","Maufrigneuse, Duchesse de  The Secrets of a Princess"
"Nucingen, Baronne Delphine de  Father Goriot","Nucingen, Baronne Delphine de  Father Goriot"
"Schinner, Hippolyte  The Purse","Schinner, Hippolyte  The Purse"
"Serizy, Comte Hugret de  A Start in Life","Serizy, Comte Hugret de  A Start in Life"
"Serizy, Vicomte de  A Start in Life","Serizy, Vicomte de  A Start in Life"
"Sommervieux, Theodore de  At the Sign of the Cat and Racket","Sommervieux, Theodore de  At the Sign of the Cat and Racket"
"Brigaut, Major","Brigaut, Major"
"Esgrignon, Charles-Marie-Victor-Ange-Carol,","Esgrignon, Charles-Marie-Victor-Ange-Carol,"
"Falcon, Jean (alias Beaupied or Beau-Pied)","Falcon, Jean (alias Beaupied or Beau-Pied)"
"Loudon, Prince de","Loudon, Prince de"
Stael-Holstein (Anne-Louise-Germaine Necker) Baronne de,Stael-Holstein (Anne-Louise-Germaine Necker) Baronne de
"Verneuil, Duc de","Verneuil, Duc de"
"Dudley, Lord","Dudley, Lord"
"Bianchon, Horace  Father Goriot","Bianchon, Horace  Father Goriot"
"Blondet, Émile  Jealousies of a Country Town","Blondet, Émile  Jealousies of a Country Town"
"Blondet, Virginie (Madame Montcornet)  Jealousies of a Country Town","Blondet, Virginie (Madame Montcornet)  Jealousies of a Country Town"
"Dudley, Lord  The Lily of the Valley","Dudley, Lord  The Lily of the Valley"
"Laginski, Comte Adam Mitgislas  The Imaginary Mistress","Laginski, Comte Adam Mitgislas  The Imaginary Mistress"
"Montriveau, General Marquis Armand de  The Thirteen","Montriveau, General Marquis Armand de  The Thirteen"
"Nucingen, Baron Frederic de  The Firm of Nucingen","Nucingen, Baron Frederic de  The Firm of Nucingen"
"Portenduere, Vicomtesse Savinien de  Ursule Mirouet","Portenduere, Vicomtesse Savinien de  Ursule Mirouet"
"Rastignac, Eugene de  Father Goriot","Rastignac, Eugene de  Father Goriot"
"Ronquerolles, Marquis de  The Imaginary Mistress","Ronquerolles, Marquis de  The Imaginary Mistress"
"Serizy, Comtesse de  A Start in Life","Serizy, Comtesse de  A Start in Life"
The Imaginary Mistress,The Imaginary Mistress
"Touches, Mademoiselle Felicite des  Beatrix","Touches, Mademoiselle Felicite des  Beatrix"
"Bousquier, Madame du (du Croisier) (Mlle. Cormon)', """"Esgrignon, Charles-Marie-Victor-Ange-Carol, Marquis d' (or Des Grignons)"""", 'Navarreins, Duc de","Bousquier, Madame du (du Croisier) (Mlle. Cormon)', """"Esgrignon, Charles-Marie-Victor-Ange-Carol, Marquis d' (or Des Grignons)"""", 'Navarreins, Duc de"
"Gaillard, Madame Theodore (Suzanne)","Gaillard, Madame Theodore (Suzanne)"
"Granson, Athanase', """"Esgrignon, Marie-Armande-Claire d'"""", 'Troisville, Guibelin, Vicomte de","Granson, Athanase', """"Esgrignon, Marie-Armande-Claire d'"""", 'Troisville, Guibelin, Vicomte de"
"Ronceret, Madame Du","Ronceret, Madame Du"
"Bousquier, Madame du (du Croisier) (Mlle. Cormon)","Bousquier, Madame du (du Croisier) (Mlle. Cormon)"
"Laguerre, Mademoiselle","Laguerre, Mademoiselle"
"Soulanges, Comte Leon de","Soulanges, Comte Leon de"
"Soulanges, Comtesse Hortense de","Soulanges, Comtesse Hortense de"
"Kergarouet, Comte de","Kergarouet, Comte de"
"Mirouet, Ursule (see Portenduere, Vicomtesse Savinien de)","Mirouet, Ursule (see Portenduere, Vicomtesse Savinien de)"
"Rouvre, Chevalier du","Rouvre, Chevalier du"
"Blamont-Chauvry, Princesse de","Blamont-Chauvry, Princesse de"
"Manerville, Comtesse Paul de","Manerville, Comtesse Paul de"
"Stanhope, Lady Esther","Stanhope, Lady Esther"
"Souchet, Francois","Souchet, Francois"
"Marcas, Zephirin","Marcas, Zephirin"
Jeanrenaud,Jeanrenaud
"Bourignard, Gratien-Henri-Victor-Jean-Joseph","Bourignard, Gratien-Henri-Victor-Jean-Joseph"
"Maulincour, Baronne de","Maulincour, Baronne de"
"Granville, Comtesse Angelique de","Granville, Comtesse Angelique de"
"Langeais, Duc de","Langeais, Duc de"
"Gouraud, General, Baron","Gouraud, General, Baron"
"Tiphaine, Madame","Tiphaine, Madame"
"Camps, Madame Octave de (nee Cadignan)","Camps, Madame Octave de (nee Cadignan)"
"Chatillonest, De","Chatillonest, De"
Aquilina,Aquilina
Euphrasia,Euphrasia
Joseph,Joseph
Genovese,Genovese
"Nueil, Gaston de","Nueil, Gaston de"
Savaron de Savarus,Savaron de Savarus
"Savarus, Albert Savaron de","Savarus, Albert Savaron de"
"Casa-Real, Duc de","Casa-Real, Duc de"
"Claes, Josephine de Temninck, Madame","Claes, Josephine de Temninck, Madame"
"Stevens, Dinah","Stevens, Dinah"
"Chaulieu, Eleonore, Duchesse de","Chaulieu, Eleonore, Duchesse de"
"Beauseant, Marquis and Comte de","Beauseant, Marquis and Comte de"
"Beauseant, Marquise de","Beauseant, Marquise de"
"Grandville, Vicomte de","Grandville, Vicomte de"
Grossetete (younger brother of F. Grossetete),Grossetete (younger brother of F. Grossetete)
"Cane, Marco-Facino","Cane, Marco-Facino"
"Tinti, Clarina","Tinti, Clarina"
"Varese, Emilio Memmi, Prince of","Varese, Emilio Memmi, Prince of"
"Varese, Princess of","Varese, Princess of"
"Vendramini, Marco","Vendramini, Marco"
"Bourbonne, De","Bourbonne, De"
Lefebvre,Lefebvre
"Stael-Holstein (Anne-Louise-Germaine Necker, Baronne de)","Stael-Holstein (Anne-Louise-Germaine Necker, Baronne de)"
"Vivet, Madeleine","Vivet, Madeleine"
Zambinella,Zambinella
"Vignon, Claude","Vignon, Claude"
Werbrust,Werbrust
"Vandenesse, Marquis Charles de","Vandenesse, Marquis Charles de"
Victorine,Victorine
"Vissard, Charles-Amedee-Louis-Joseph Rifoel, Chevalier du","Vissard, Charles-Amedee-Louis-Joseph Rifoel, Chevalier du"
"Vandenesse, Comtesse Felix de","Vandenesse, Comtesse Felix de"
Stidmann  Beatrix,Stidmann  Beatrix
"Vandenesse, Comte Felix de  The Lily of the Valley","Vandenesse, Comte Felix de  The Lily of the Valley"
"Vergniaud, Louis","Vergniaud, Louis"
"Vandenesse, Marquise Charles de (Emilie de Fontaine)","Vandenesse, Marquise Charles de (Emilie de Fontaine)"
"Villenoix, Pauline Salomon de","Villenoix, Pauline Salomon de"
